4CD633648481725029E84C7,2,Autotech
6C2E3384236387493493CB6,1,ChristianInvestors
783C3371218786870A73D20,1,BORROWERSGROUP
9DA03421311751706439130,1,Hardworker
ACFB3365095848727895936,5,USF
E37B3365357900652F8BF9E,1,Ohana
E3F433654060844916DB34F,1,TzedakahGroup
FEF83377364176536637E50,1,HaveMoney
10A93364886588786764A98,1,activeinvestors
18DA336463918236939DCE7,1,HardMoney
214933649218625265C08F1,1,Teacherloans
238D33978718559087CA95B,N,Bearcub
29E43395134069352BE9525,N,froggyspalace
2D523366875352960F3C033,1,craigslisters
3D4D3366260257624AB272D,1,Business
4707336438924330015F446,1,christopp
4EE13371935955546BCD820,1,hr101
5B453381430468537F3AD4F,1,creditbuilder
6A3B336601725506917317E,1,creditrecovery
8E5A3365665729204E57173,1,bestloans
B0473364376920128370B13,1,FFF1
CD0E3364909037313F32874,1,Consolidators
DB363384707726490E43021,1,WPI
