0061342175163944780AD27,343856,Completed,B,5000,03-06-2008 15:41,10-06-2008 15:42,7FAC34160178874381203B7,NULL
0105342298048794124233F,349576,Expired,HR,3000,12-06-2008 15:03,19-06-2008 15:04,91F93423302168465EDA062,NULL
02033422374379567921AC6,348647,Expired,HR,16000,11-06-2008 10:49,18-06-2008 10:49,B14F3422905132798727893,NULL
020B34222022213168BD5D0,342726,Expired,B,5750,01-06-2008 21:27,08-06-2008 21:30,5A4C3393111031525B9EE3D,NULL
024E342372452879079FAAF,347506,Expired,HR,3000,09-06-2008 15:52,16-06-2008 15:57,9E3334241132421081AF39B,NULL
027B3423841114111D5546A,347789,Expired,C,10000,10-06-2008 05:39,17-06-2008 05:42,173D3422105292147D7DA46,NULL
028D3422716449057F8DD5B,347949,Expired,B,25000,10-06-2008 10:47,17-06-2008 10:48,B7253422905516510E179C3,NULL
030E3423440322262C2E784,347290,Expired,D,7400,09-06-2008 11:21,16-06-2008 11:25,8182342083392969241B38B,NULL
037B3422885425764268D73,350134,Expired,D,1600,13-06-2008 14:13,20-06-2008 14:17,B5523423144065363EF32B6,NULL
03873424217012625D4820B,350945,Expired,C,7500,15-06-2008 16:55,22-06-2008 17:00,ECD63422139390883A7AD33,NULL
03893422885110828515D70,344822,Expired,D,4000,04-06-2008 21:33,11-06-2008 21:34,38D83423040092969534D6E,NULL
03E43423797208624BE028A,344857,Expired,E,5000,05-06-2008 00:56,12-06-2008 01:01,BFEE33678925389014DCC7C,NULL
041234227574012002F9B21,348295,Expired,HR,25000,10-06-2008 18:13,17-06-2008 18:14,8BEC33743713812376A88A7,CD0E3364909037313F32874
041A342283230533310180A,343546,Expired,HR,5000,09-06-2008 08:42,16-06-2008 08:44,F0CF3423176620150E49AEB,NULL
048E3422786362947F5C3B6,343709,Completed,B,7400,03-06-2008 13:56,10-06-2008 13:58,1F2D3382671141558291742,ACFB3365095848727895936
04C73421900975153DAE523,342546,Expired,D,3500,01-06-2008 13:37,08-06-2008 13:39,913D342137305496379BFB9,NULL
050A3421749085391874B90,340851,Expired,D,5000,09-06-2008 22:12,16-06-2008 22:13,74DE3420391692869202E11,NULL
05983422212754642F0DA9D,347155,Expired,HR,1000,09-06-2008 07:11,16-06-2008 07:13,BBC8341914989956206C690,NULL
05B73422244841546F151FC,347828,Expired,E,20000,11-06-2008 07:04,18-06-2008 07:07,EB683419610733664A3D878,NULL
05BC3423360321003FB78A4,344827,Expired,D,7500,04-06-2008 21:44,11-06-2008 21:49,DD673391951147192EBDCBC,NULL
072C3423003563118BA9F94,344212,Expired,E,3000,04-06-2008 08:24,11-06-2008 08:25,2E733388646361194D387B6,NULL
076E342364986273989D365,346777,Completed,D,4000,10-06-2008 20:39,17-06-2008 18:52,5D633415763905699CF0267,4CD633648481725029E84C7
0776342416965511183AC58,350642,Expired,E,3000,14-06-2008 18:47,21-06-2008 18:52,2DEB34137677573711920CE,NULL
078C34221952581207C1EDC,345653,Expired,E,5000,05-06-2008 23:15,12-06-2008 23:18,86AF3422994785539967837,NULL
07B73422071154849B7B732,344516,Expired,B,5000,04-06-2008 14:56,11-06-2008 15:00,FACF3422713677365361C3D,NULL
07DA34216995712095EF398,342994,Expired,E,3750,02-06-2008 11:51,09-06-2008 11:53,826B341246792878350CF75,NULL
08EE34226144623452ED6C3,343172,Expired,D,5000,02-06-2008 16:07,09-06-2008 16:10,EB3034232527542243DD0F1,NULL
094E34238147485401979EF,346143,Expired,E,15000,06-06-2008 18:10,13-06-2008 18:13,6E5C34108132124783D0122,NULL
09AF3422486052753B8BE8C,350267,Expired,HR,2500,13-06-2008 19:41,20-06-2008 19:45,D3113423025315972C94059,NULL
0A1434228680788870B5066,350373,Expired,B,20000,14-06-2008 05:35,21-06-2008 05:35,9FA8342230144541433F854,NULL
0AEE3422672810835632D92,343715,Expired,HR,18000,03-06-2008 12:57,10-06-2008 13:02,566D34190646909659A6F95,NULL
0C183423136776474BBFEB5,345616,Completed,HR,2800,05-06-2008 21:12,12-06-2008 21:16,E6B9342280951313379C48B,NULL
0C363423432138835E0F5D5,347836,Expired,HR,3000,10-06-2008 08:11,17-06-2008 08:13,5AB4342060663262531B969,NULL
0CE3342201222300869C109,340061,Expired,E,5000,06-06-2008 09:14,13-06-2008 09:15,31BD3384921464785389E87,NULL
0D4C3422148083772A1EBF0,342677,Expired,E,1875,01-06-2008 19:14,08-06-2008 19:19,1A983388433550519BDDCBB,NULL
0DCD3422004908875F109F4,343797,Expired,B,20000,03-06-2008 14:35,10-06-2008 14:36,49FB342167464809433374F,NULL
0F273423248693062B23C82,348696,Expired,E,2500,11-06-2008 12:18,18-06-2008 12:21,45933423366623585D41A26,NULL
100B3422848436087B05553,345764,Expired,D,10000,06-06-2008 08:04,13-06-2008 08:07,60C1342358910847474989A,NULL
111F3423060628404D6413D,350357,Expired,HR,1500,14-06-2008 01:25,21-06-2008 01:29,477734066773888703D3399,NULL
12683424193092716574FCD,350120,Expired,D,6500,13-06-2008 13:42,20-06-2008 13:45,D6D13422514767483DA754A,NULL
12C0342219248020007E8CE,347485,Expired,E,2000,09-06-2008 15:59,16-06-2008 16:02,947B342269414546585DD3C,NULL
14A43422633747746C9C16F,345193,Expired,AA,3000,05-06-2008 12:16,12-06-2008 12:19,6CA33421856615461B64F1A,NULL
14CA342178913638437077E,342701,Expired,E,5000,01-06-2008 20:17,08-06-2008 20:20,C79C342088025536826389D,NULL
14EA3423076686246122CF6,349496,Expired,D,1500,12-06-2008 13:01,19-06-2008 13:10,B19B3365879129947E95A9F,NULL
15743421706174718C4FE19,344588,Expired,HR,4000,04-06-2008 16:21,11-06-2008 16:22,C2763422466442421CB99B4,NULL
16903423991026657F93998,349531,Completed,A,6000,12-06-2008 13:56,12-06-2008 18:35,3D4A3365123796422AD83F5,NULL
16EA34232690318755CAC60,343741,Expired,D,5000,03-06-2008 13:34,10-06-2008 13:38,7B4B3423616577411B77CD2,NULL
17BC3422660484187AC2DDD,340546,Expired,B,8500,03-06-2008 08:56,10-06-2008 08:58,9DF0341843728426131C7E5,NULL
18C834229733671649B5A1E,347104,Completed,C,3500,09-06-2008 14:10,13-06-2008 11:01,DF963381105599886D43148,FEF83377364176536637E50
18F93424439946320BD44AB,349600,Completed,D,4500,12-06-2008 15:45,19-06-2008 15:46,93823421131954713850FF4,NULL
195734226930237372C8A5E,346804,Completed,D,1500,08-06-2008 15:23,15-06-2008 15:27,F7C2342221602884120B35C,NULL
1A953421981092225D9277D,345702,Expired,C,15000,06-06-2008 05:50,13-06-2008 05:50,DD343421874004386FFF37C,NULL
1B533423934345808D671B5,350462,Expired,E,3000,14-06-2008 10:26,21-06-2008 10:30,4B2E34219201696155F4E4D,NULL
1B893422739653040CC20A5,351005,Expired,D,7500,15-06-2008 19:08,22-06-2008 19:15,A46F3408271873861801A72,NULL
1C0434219246935306A3E69,342789,Completed,C,2500,02-06-2008 04:28,02-06-2008 10:56,E63C3421229558243E9F5D3,NULL
1C4E34229681290465BF676,349585,Expired,HR,3000,12-06-2008 15:19,19-06-2008 15:19,43D43423985478842C78E36,NULL
1C8E342345247754183B3DB,342642,Expired,E,3000,01-06-2008 17:39,08-06-2008 17:42,7E8734201372839265729DF,CD0E3364909037313F32874
1CE434226206248535A452A,344889,Expired,HR,2000,05-06-2008 04:38,12-06-2008 04:41,A1F534217104129079189BE,NULL
1CF7342275485747305B938,342616,Expired,HR,1500,01-06-2008 16:49,08-06-2008 16:51,A1663418300773137F9A79D,NULL
1D5434228512089063A073C,349574,Expired,HR,5000,12-06-2008 15:13,19-06-2008 15:14,9.77234E+22,NULL
1D683423095150418F55815,346190,Completed,C,1000,06-06-2008 19:39,13-06-2008 19:45,772C3422070804994E28238,NULL
1D8D3423082287869DF6BED,350916,Expired,C,6500,15-06-2008 15:50,22-06-2008 15:54,D4F23406804461520343A63,NULL
1E1D3423489754063051979,348594,Expired,D,5000,11-06-2008 09:38,18-06-2008 09:38,A191342311851792847C0C7,NULL
1EC93423219920310CDC9A2,350478,Expired,HR,3000,14-06-2008 11:32,21-06-2008 11:35,D02C34241583789782395EF,NULL
1F103423528337306CBF235,345607,Completed,AA,8280,05-06-2008 21:23,12-06-2008 21:26,2.98734E+22,NULL
1F353422492130633A8BEEE,343367,Expired,HR,2500,02-06-2008 22:06,09-06-2008 22:09,74DF3417587643303428F2F,NULL
1F873423078337166B90E3E,342569,Completed,C,12000,02-06-2008 17:54,09-06-2008 17:54,61C03382503305859B5D79C,6C2E3384236387493493CB6
1F8C342180680624335559D,342813,Expired,D,5000,04-06-2008 10:17,11-06-2008 10:17,C6A53422233551549B040D7,NULL
1FB53423797776090B4588F,346521,Expired,C,12000,07-06-2008 16:48,14-06-2008 16:49,6AE03420674445431946DD0,DB363384707726490E43021
207A3422872781669E3553A,347669,Completed,E,3000,09-06-2008 20:05,16-06-2008 20:07,826B341246792878350CF75,NULL
20F6342192913455752DCE3,346086,Expired,HR,3000,06-06-2008 16:52,13-06-2008 16:57,D9CC33940093406022A44EA,NULL
21343424270180449E45FEB,350744,Expired,C,25000,15-06-2008 07:24,22-06-2008 07:26,23913423451674504B73DB8,NULL
21393422707161743F76991,349233,Expired,D,4000,12-06-2008 05:37,19-06-2008 05:37,4E1F3380381577949F98471,783C3371218786870A73D20
242034190776738166A72AF,312012,Expired,D,5500,02-06-2008 14:47,09-06-2008 14:47,F4753418244300490ACA8CC,NULL
2465341519365771995DF85,293793,Expired,C,8000,10-06-2008 11:43,17-06-2008 11:45,78B23414593814745977D52,NULL
24763424441511072CF35E0,349845,Expired,E,3000,13-06-2008 04:10,20-06-2008 04:14,76CD3423180607794A9E268,NULL
25703423042222654DFABDF,344344,Expired,B,1000,04-06-2008 11:45,11-06-2008 11:46,290E3421433234338F95173,NULL
25F73423534222922D1B660,346272,Expired,E,3500,07-06-2008 00:13,14-06-2008 00:18,6EE3341268378382618D28B,NULL
260B342247260965054A171,345578,Expired,AA,25000,06-06-2008 07:34,13-06-2008 07:37,24563366625747762DE020B,2D523366875352960F3C033
26153423264256390E141D6,350756,Expired,HR,2000,15-06-2008 08:05,22-06-2008 08:07,D040342388245784897E4BC,NULL
26AB342222671962443AC68,343496,Completed,D,7500,03-06-2008 09:11,10-06-2008 09:13,C4CE3422667766771E46A01,NULL
26C334234418027795A783B,346913,Completed,B,6000,08-06-2008 15:43,15-06-2008 15:47,357C338157387467932F11F,NULL
26FD34227535952756650B3,342832,Expired,HR,5000,02-06-2008 07:15,09-06-2008 07:20,61CF342334624193614BCF4,NULL
275B34237553255312B9C76,346471,Expired,D,4500,07-06-2008 13:24,14-06-2008 13:26,D8803423151774999D76581,NULL
282D342343542034574A537,347802,Expired,HR,1000,10-06-2008 06:19,17-06-2008 06:22,D25A3417913159360A18FA8,NULL
29813423652020782DC259B,349977,Expired,B,20000,13-06-2008 09:56,20-06-2008 10:00,71073420015775211167C31,NULL
29CB3423832297045643FC5,349494,Expired,HR,5000,12-06-2008 12:58,19-06-2008 13:00,920F342399678372238D2B4,NULL
29F33423508470766F97CD6,348076,Expired,B,25000,10-06-2008 12:53,17-06-2008 12:58,08923423095492813AD22DA,NULL
2BD4342263987792230E5AD,344237,Expired,E,2800,04-06-2008 09:13,11-06-2008 09:17,2AFD3417842372839F4D8E6,NULL
2BD6342446606045231904A,350091,Expired,C,5000,13-06-2008 13:00,20-06-2008 13:04,DA113423782414567797B35,NULL
2C933423060212710E152C1,349974,Expired,HR,3000,13-06-2008 09:59,20-06-2008 10:00,B97C3421825236234F42365,NULL
2CA1342260361101537050F,345287,Expired,D,2500,05-06-2008 14:02,12-06-2008 14:04,F2653365236453770591732,NULL
2CCA342173366469193F04C,344990,Expired,HR,3000,05-06-2008 07:55,12-06-2008 07:55,23BF3365022045497FF5670,214933649218625265C08F1
2CEC34234701908672B00E3,350144,Expired,HR,25000,13-06-2008 14:18,20-06-2008 14:22,B2573422250230289C266CE,NULL
2D04342347592208829A624,348581,Expired,HR,1000,11-06-2008 09:08,18-06-2008 09:11,B9C2341665762501455F3ED,NULL
2DB33423418523333C07F46,346126,Expired,D,5500,06-06-2008 17:41,13-06-2008 17:43,A09D33656256729676B6573,NULL
2DC93422071022388C18142,342731,Expired,E,4000,01-06-2008 21:58,08-06-2008 22:01,910D3423335581641896319,NULL
30083424279207540713E6F,348747,Expired,E,3000,11-06-2008 13:36,18-06-2008 13:38,1F6B34230087285463E73D3,NULL
32AC342184640117527639B,345667,Expired,HR,4500,06-06-2008 00:13,13-06-2008 00:14,E02B3422532510932EF5E44,NULL
332534228978899770FE374,343141,Expired,HR,3000,02-06-2008 15:18,09-06-2008 15:19,D96234222893345472A6CF6,NULL
336A3422937649243E3D0BB,347079,Expired,E,1100,08-06-2008 23:52,15-06-2008 23:53,295634229389908389AF90A,NULL
3.38434E+22,346313,Completed,A,5000,07-06-2008 06:10,14-06-2008 06:11,3A033421591449099B13287,NULL
3397342304238667776D3E8,342507,Expired,HR,1500,01-06-2008 11:27,08-06-2008 11:28,E38234223540963899E00D3,NULL
34053422325793149D3FA95,348615,Expired,D,2500,11-06-2008 09:59,18-06-2008 09:59,FED23422291631997AF8173,NULL
34373423629030963EE0166,348028,Completed,AA,5000,10-06-2008 11:58,17-06-2008 12:00,F1BB3422640357881DCA8C6,NULL
345A34241850622572E7FF3,350197,Expired,HR,4000,13-06-2008 16:20,20-06-2008 16:25,266B342235367562986BAE9,NULL
34EF342334863077440C300,343410,Expired,C,4500,03-06-2008 04:26,10-06-2008 04:31,F8E73421082539809A6CAC8,NULL
38323422550290385E71A41,344528,Completed,D,2000,04-06-2008 15:11,11-06-2008 15:16,A5B134238026611371F412C,NULL
386B34217071672774B6E6E,342403,Expired,C,8500,01-06-2008 00:15,08-06-2008 00:17,B1AC3420260169736258157,NULL
388F3423237071768D74BE8,349998,Expired,AA,25000,13-06-2008 10:24,20-06-2008 10:27,E6CA3424415334210FBE231,NULL
3.91134E+22,331902,Expired,D,25000,03-06-2008 15:15,10-06-2008 15:17,A70B34200508035752EC974,NULL
39F23423129948879CDDD61,344022,Expired,A,25000,03-06-2008 19:51,10-06-2008 19:56,6.05342E+21,NULL
3C593422366239647E0B4CF,348042,Expired,HR,2100,10-06-2008 12:15,17-06-2008 12:16,1.14834E+22,NULL
3CC734236502351445F2BA3,347113,Expired,E,4200,09-06-2008 05:10,16-06-2008 05:15,C626342076792354871F500,NULL
3D10342388095914149A8DC,348595,Expired,C,5000,11-06-2008 09:35,18-06-2008 09:38,2363342364996623575AD29,NULL
3D7A342181468614524689A,343043,Expired,HR,9500,02-06-2008 14:04,09-06-2008 14:05,9F67339985729302207025D,FEF83377364176536637E50
3D963424303592008DAC3B7,351060,Completed,E,1350,15-06-2008 22:49,22-06-2008 20:13,B48933910801758714C84E4,NULL
3DE534178175743527AAA76,303370,Expired,C,7500,05-06-2008 17:53,12-06-2008 17:55,A3C33377164010951E7F10F,4707336438924330015F446
3EFE34234130395536832A2,347607,Expired,E,1031,09-06-2008 19:15,16-06-2008 19:16,9EBC342328353014833EF89,NULL
3FA43422808572418C07BF8,347240,Expired,HR,13000,09-06-2008 09:55,16-06-2008 09:59,FD2F3422021995500FBA0EA,NULL
40033422734301258BDD7C6,343103,Completed,B,5000,02-06-2008 14:28,05-06-2008 08:28,9FCF342187408517915B101,NULL
429E34220179514662EBD56,344029,Completed,D,1000,03-06-2008 20:03,04-06-2008 06:35,1FF333705294906968E8F81,NULL
42AB3423791338970B73B5E,345510,Expired,D,10000,05-06-2008 19:13,12-06-2008 19:14,87EC3423883831303F33A0E,NULL
43EB342348397364779A1A3,348945,Expired,E,4650,11-06-2008 16:34,18-06-2008 16:37,DD2B3423204615911044462,NULL
447A3424335298459491585,350142,Expired,C,12000,13-06-2008 14:18,20-06-2008 14:22,7F0534242365082399CF350,NULL
44993422777484423A38202,348657,Expired,HR,8500,11-06-2008 11:31,18-06-2008 11:35,2B853422270305302CBFECC,NULL
44DE34228387531664B154B,350179,Completed,C,7000,13-06-2008 15:56,20-06-2008 15:58,B7B734238860212144D9AD6,NULL
46803421992375615AEA2E0,342916,Expired,D,2945,02-06-2008 09:51,09-06-2008 09:54,637834134811758533818BA,NULL
46993424134183221B8DDB9,347594,Expired,C,9800,09-06-2008 18:53,16-06-2008 18:56,472434227419737734A94C1,NULL
477834226433355099572F2,348173,Expired,B,20000,10-06-2008 15:06,17-06-2008 15:07,75253423669682966C79D61,NULL
49163422804489367975DBA,348979,Expired,HR,3000,11-06-2008 17:48,18-06-2008 17:52,2E68340664771317865796C,NULL
4A2D34241655101563DBDC6,349525,Expired,D,3000,12-06-2008 13:52,19-06-2008 13:57,201A34172158707450210B6,NULL
4A4A3422675824570FB754B,346654,Expired,HR,3000,09-06-2008 21:10,16-06-2008 21:13,95A53392703714824C3E9DB,18DA336463918236939DCE7
4AE53422163740700F2CE75,346466,Expired,B,10000,07-06-2008 13:07,14-06-2008 13:11,23EE3423967903111B81104,NULL
4AF034217815481988DFDF0,344755,Completed,B,15000,05-06-2008 07:12,12-06-2008 07:14,623634229431225236D213E,NULL
4B6534232925116000645BC,345588,Expired,C,4500,05-06-2008 20:41,12-06-2008 20:45,AAF13422158428970F1036B,NULL
4B7A34240302896843D0A44,350052,Expired,HR,4000,13-06-2008 11:59,20-06-2008 12:00,692F3406287099688A32ECF,NULL
4C1A3422430159845DD2EFC,346382,Expired,B,15000,07-06-2008 10:56,14-06-2008 10:58,ED833423445733104C33C31,NULL
4CE53422648699316D2872A,344159,Completed,A,7500,04-06-2008 07:00,11-06-2008 07:01,5C2734235236167194D58D9,NULL
4F2A3422908690322683941,342441,Expired,D,9800,01-06-2008 07:22,08-06-2008 07:25,0BFD3422080031644685B40,NULL
4F58342262960518837AF74,347044,Expired,A,20000,08-06-2008 20:41,15-06-2008 20:42,98F83375648676019E33480,NULL
4FD8342390674947536191B,346482,Expired,HR,1500,07-06-2008 13:43,14-06-2008 13:43,2E3934233302657122ADFF8,NULL
501A34233115455533B71EA,344233,Expired,E,3000,04-06-2008 09:08,11-06-2008 09:12,A1813422071625979050524,NULL
507F34218790911123BBF0C,344114,Expired,D,5000,04-06-2008 03:40,11-06-2008 03:44,712533944572108528A54BE,29E43395134069352BE9525
511D342419325931444E6D1,348423,Expired,E,2900,10-06-2008 22:07,17-06-2008 22:11,859A3417479691289EF4F0F,NULL
513A3422329786631178557,343502,Completed,C,3500,03-06-2008 08:08,10-06-2008 08:13,DDFB3423552366700204232,NULL
514C34233987364398AE68E,346897,Expired,E,15000,08-06-2008 15:09,15-06-2008 15:11,4E1C3422720361059F436D9,NULL
51DE34228454523088DFCF3,349441,Expired,C,11500,12-06-2008 11:48,19-06-2008 11:53,8.59034E+22,NULL
5334342272806801447C014,344809,Completed,HR,1200,04-06-2008 21:14,11-06-2008 21:18,E0973423662504864F5753F,NULL
5.41734E+22,346958,Expired,HR,5000,08-06-2008 18:08,15-06-2008 18:13,BA0034224146631705FDF17,NULL
545734218416980869DC34C,343354,Expired,E,2000,02-06-2008 21:26,09-06-2008 21:27,C216339365514274604FD69,NULL
55F63422735994525F28373,346926,Expired,HR,4000,08-06-2008 16:13,15-06-2008 16:17,C4C73422437877278DF59A7,NULL
56A83423707298245116866,350371,Completed,AA,6000,14-06-2008 05:18,21-06-2008 05:20,8B293416979786837A86F51,NULL
56B434233736872993C7644,344874,Expired,D,5000,05-06-2008 02:18,12-06-2008 02:21,A30C3415535074744DE16C1,NULL
59493423368733940DF2811,345506,Expired,A,25000,05-06-2008 19:00,12-06-2008 19:04,AE8C3420471275689FC8509,NULL
597D3421978123517C1A1A9,343777,Expired,HR,5000,03-06-2008 14:16,10-06-2008 14:20,46E23390629053257B790B0,NULL
5A5E3422692461396BD3762,342520,Expired,HR,5000,01-06-2008 12:09,08-06-2008 12:13,731A3421615218157AFAEC5,NULL
5A753422863153350D1BA96,345478,Completed,HR,2300,10-06-2008 12:06,11-06-2008 09:39,E8AD34186638308784E6ED1,NULL
5D6F3422549832957DBBA6C,347029,Expired,HR,3000,08-06-2008 20:14,15-06-2008 20:16,B6113422077330017639CF9,NULL
5F603423270995000E9C61F,347798,Expired,D,5750,10-06-2008 06:02,17-06-2008 06:07,3EFC3412356940393BE6DE8,NULL
5F72342196041953071DA08,343364,Completed,E,2000,02-06-2008 21:42,09-06-2008 21:42,02AF34179714576903F72D3,NULL
6.14434E+22,346809,Expired,HR,10000,08-06-2008 11:49,15-06-2008 11:54,E3613422741296389D1FE6F,NULL
61D934229164631634A3126,345338,Expired,D,9000,05-06-2008 14:59,12-06-2008 15:07,50CA3421126041085A3FE12,NULL
623A34219738558496941CA,343942,Completed,AA,15000,03-06-2008 21:50,10-06-2008 21:52,72493418655435705C0352D,9DA03421311751706439130
62D634233339669831D6319,349948,Expired,E,5000,13-06-2008 09:21,20-06-2008 09:23,1AE13424050847624766223,NULL
633D34242736799055898DB,348094,Expired,C,5500,10-06-2008 13:17,17-06-2008 13:18,3B1B338136731784830DE4B,NULL
639034222986590576767DB,344576,Expired,C,3500,04-06-2008 16:10,11-06-2008 16:11,90CE3421825996938E489BD,NULL
63A13422218356297E8943E,342912,Expired,AA,24995,02-06-2008 09:59,09-06-2008 10:04,B080341673898047995DAE7,NULL
63AD342271407622001DE87,346743,Expired,HR,9500,08-06-2008 09:12,15-06-2008 09:12,A3DD3420306445009246DC4,NULL
63E234242594638752BC12B,350422,Expired,C,14900,14-06-2008 08:10,21-06-2008 08:11,73033414510099870110A48,NULL
654E3421912950276601027,342654,Expired,HR,10000,03-06-2008 05:06,10-06-2008 05:11,8A0A3419777950579DEC4AF,NULL
65783422933501730ED37F0,343412,Expired,HR,6000,03-06-2008 04:32,10-06-2008 04:36,1969340695178727396D6A4,NULL
65E13421867326917A5BAAA,345417,Expired,HR,1000,05-06-2008 16:54,12-06-2008 16:54,D06D342322572154495FE19,NULL
65FC342364293377096849A,349070,Completed,B,3000,11-06-2008 20:06,18-06-2008 20:06,7B473423969387134AFC79F,NULL
6.62934E+22,346219,Completed,AA,10000,13-06-2008 10:03,20-06-2008 10:05,A3EB3373276321680CD43FD,E37B3365357900652F8BF9E
66D93422100306159C322D6,345330,Expired,AA,8000,05-06-2008 14:51,12-06-2008 14:55,B718341190046181103023C,NULL
67AA3421944079442D510D0,342610,Expired,D,25000,01-06-2008 17:05,08-06-2008 17:06,DD103421698704576CC3C5F,NULL
688E3422181010514DC8A4F,342587,Expired,E,2200,01-06-2008 15:47,08-06-2008 15:50,BA10341811630171670495E,NULL
69263422915931987B6485E,344585,Expired,A,15000,04-06-2008 16:19,11-06-2008 16:22,1946342248441545216EE25,NULL
6A473423736902467EB555A,349336,Expired,D,3000,12-06-2008 08:48,19-06-2008 08:53,9A3E33661036094744DE2C1,6A3B336601725506917317E
6ACA3423456024895C7EFAD,347180,Expired,A,5000,09-06-2008 08:04,16-06-2008 08:09,E1D73419606284595FE7036,NULL
6B263424363231231B20ED4,350320,Expired,C,7500,13-06-2008 21:57,20-06-2008 22:02,C8E23423247972057B80341,NULL
6B7734221319673962458E0,345688,Expired,AA,8000,06-06-2008 04:30,13-06-2008 04:35,F33C3423778351832394406,NULL
6BDA3423437585197CD82B8,343139,Completed,AA,25000,02-06-2008 15:24,09-06-2008 10:56,86A434211750864233A361D,NULL
6C293424122256542488647,350804,Expired,HR,3000,15-06-2008 11:04,22-06-2008 11:05,1A913423530164983337847,NULL
6C6B3422909521330D08C9F,349304,Expired,D,20000,12-06-2008 08:11,19-06-2008 08:12,451C3423649045736725762,NULL
6CE1342184954967279F5D7,343277,Expired,HR,5000,02-06-2008 18:57,09-06-2008 19:00,B8FE3420864345723CDD3C1,NULL
6CFB3422586395251DAF76E,343221,Expired,C,7200,02-06-2008 17:26,09-06-2008 17:28,790934028960404053AD781,NULL
7135342298719865533989B,347681,Expired,E,2500,09-06-2008 20:38,16-06-2008 20:43,31B43422618468082BE797B,NULL
71923418529595335D19A70,308993,Expired,HR,15000,02-06-2008 21:05,09-06-2008 21:07,99CC3419222342101E2B991,NULL
72B73424103158212F6775A,347525,Expired,D,9000,09-06-2008 16:08,16-06-2008 16:12,B4B43406163345150951FDA,NULL
73BB3422496727178768E88,348281,Expired,D,6500,10-06-2008 17:47,17-06-2008 17:49,072834181422629738B1E92,NULL
744834220230347791CD374,342883,Expired,C,7500,02-06-2008 09:03,09-06-2008 09:07,D473342216979635568EFF9,NULL
74DF342174474481381C145,344334,Expired,D,7500,04-06-2008 11:28,11-06-2008 11:30,A5553419183918629FACC6F,NULL
751A34217571382085CABAA,344752,Expired,HR,2000,04-06-2008 20:10,11-06-2008 20:13,DADA3410261725876677E0A,NULL
772734219172233943F0880,343962,Expired,E,3500,03-06-2008 18:22,10-06-2008 18:25,62663416602421308F07AA4,NULL
773B3424496791142FDB7AB,349491,Completed,B,5000,12-06-2008 12:54,19-06-2008 13:05,92243422526053958D6B3A9,NULL
77EA34222439999389D6800,344088,Completed,A,1000,03-06-2008 23:34,10-06-2008 23:38,C4A03423341970557C7A144,NULL
78C1342176932910104B67B,343702,Expired,B,10000,03-06-2008 12:40,10-06-2008 12:41,6A2F3423405288019726B1B,NULL
792834234304937341BC68A,348965,Expired,B,20000,11-06-2008 17:06,18-06-2008 17:07,ABEA33652902511991EBCE7,NULL
792B34225401638250E14BA,350236,Completed,D,6000,13-06-2008 18:15,20-06-2008 18:18,963C341093270654391B159,NULL
79623424095076928280CB9,347575,Expired,HR,13000,09-06-2008 17:18,16-06-2008 17:19,B20034228561980515D2C3E,NULL
79ED34239989518974790D4,346837,Expired,E,1000,08-06-2008 13:13,15-06-2008 13:15,8EC834221942077500C610D,NULL
7A0534233677874947C26EC,348803,Completed,C,1000,11-06-2008 14:25,18-06-2008 14:29,57733412701322538E7D06A,NULL
7A8D3423088225648621EC4,348943,Expired,HR,1800,11-06-2008 16:30,18-06-2008 16:31,DDEF342338922164750F34F,NULL
7AC73422865772845FFAB15,347028,Expired,D,10000,08-06-2008 20:19,15-06-2008 20:22,7D1A3422828033673DD6392,NULL
7B6734227110345953E1F64,344804,Expired,HR,4000,04-06-2008 21:25,11-06-2008 21:29,02513418196565289F6163F,NULL
7C213423527929506677A61,345549,Expired,D,7500,05-06-2008 19:49,12-06-2008 19:49,C9C73390739878496F4F1B5,NULL
7C6F3424107099245127978,348407,Expired,D,10000,10-06-2008 21:17,17-06-2008 21:20,48643421438655968CAFEC1,NULL
7D1D342243639202660746C,345007,Expired,HR,8500,05-06-2008 08:24,12-06-2008 08:26,B40934171662277728D7676,NULL
7DEA34218453396862EC989,344955,Expired,HR,10000,05-06-2008 06:55,12-06-2008 06:55,BF213397905266215FA0F7C,NULL
7E1C3423025603983D93F05,344143,Expired,HR,8000,04-06-2008 07:08,11-06-2008 07:11,4E6D342353922801762ED8C,NULL
7E9234242613269267D8926,349405,Completed,E,1800,12-06-2008 10:51,19-06-2008 10:51,610E3422144743296C6A569,NULL
801D342348453855353E794,349226,Expired,A,10000,12-06-2008 05:29,19-06-2008 05:32,28443416487436029AA3B11,NULL
81E73423424845134B35265,345469,Expired,C,1000,05-06-2008 18:10,12-06-2008 18:13,CEC134204634227820CAD41,NULL
82DD34234633920555F2E23,345210,Completed,D,2500,05-06-2008 12:29,10-06-2008 12:42,34B933645207536766C48AD,NULL
843A34228639012097FACE3,348683,Expired,E,2000,11-06-2008 11:55,18-06-2008 11:55,289F3419480247605D25984,NULL
84433422506582189D1D9B3,348029,Completed,C,7200,10-06-2008 12:17,16-06-2008 09:55,D3A63422409280493EAE157,NULL
86CC34230025825461A4397,346000,Expired,HR,2500,06-06-2008 14:39,13-06-2008 14:44,BAC93423098580552A1C921,NULL
88C83422994620836A9B1D6,350755,Completed,C,5000,15-06-2008 07:56,18-06-2008 21:57,AC693407161462718CB3139,NULL
892A3422978778347669CB5,346741,Expired,HR,5000,08-06-2008 09:12,15-06-2008 09:12,FC9D3423021145856F03D7B,NULL
8A8F3423367845832DB4507,347146,Expired,E,6000,09-06-2008 07:01,16-06-2008 07:03,531F340885239172042785A,NULL
8A9A34220337768084BA2F1,347131,Expired,AA,9800,09-06-2008 06:21,16-06-2008 06:22,DF0B3419633000428E73EA2,NULL
8BD43421682813267741FBD,342727,Expired,HR,5000,01-06-2008 21:34,08-06-2008 21:35,D2E53422721076093A85862,NULL
8BD634226999931819F2F8D,349981,Expired,A,5000,13-06-2008 10:01,20-06-2008 10:07,A9E03423680691773F52157,NULL
8C1E3423945473542DB12FB,346988,Completed,D,4000,08-06-2008 18:27,15-06-2008 18:28,F0703378499019388820F26,NULL
8D513413089185351ADC6FA,278971,Completed,C,6000,09-06-2008 16:33,16-06-2008 16:38,008234077318634200716F8,E3F433654060844916DB34F
8D5B3422518833981578BEA,346354,Expired,D,25000,07-06-2008 08:29,14-06-2008 08:31,5BFC3422462816368312C28,NULL
8D7C34232168718247D5CDC,349422,Expired,HR,1000,12-06-2008 11:20,19-06-2008 11:22,F3223423029791341E77163,NULL
90A23419747717465B26B69,328269,Expired,E,25000,08-06-2008 08:52,15-06-2008 08:52,4F173420435586122ACFB83,NULL
914634233625913618787C1,344840,Expired,HR,12000,04-06-2008 22:14,11-06-2008 22:14,842B3421979999706A1AB67,NULL
93DD3422142409529C49F30,344082,Expired,HR,1000,04-06-2008 03:34,11-06-2008 03:39,1E8D3422797334162B9B342,NULL
93F934233260542021F896F,344472,Expired,HR,2500,04-06-2008 13:57,11-06-2008 13:59,5E7A3423278834421BFD8FC,NULL
943D3422574463945D55B1C,346192,Expired,HR,2000,06-06-2008 19:44,13-06-2008 19:44,E9CD34202475502339659A1,NULL
94853424004169332BEEFB9,346975,Expired,B,25000,08-06-2008 18:02,15-06-2008 18:03,FFBA3422389678884DD58B3,NULL
948A34232631320099F41F1,350544,Expired,HR,25000,14-06-2008 14:49,21-06-2008 14:53,95DD34225929490917424EF,NULL
94B2342174563657395776D,343551,Expired,C,5000,03-06-2008 09:34,10-06-2008 09:37,DA693422982642577CD9A26,NULL
95723422968086090543C84,347556,Expired,HR,2500,09-06-2008 17:31,16-06-2008 17:35,FAC93424122692796A7D5B3,NULL
95B634242050526417C49D5,350004,Expired,HR,25000,13-06-2008 10:41,20-06-2008 10:44,3D9434099789491974A815A,NULL
968D342332929646373CAAE,350362,Expired,D,4000,14-06-2008 02:52,21-06-2008 02:54,B0093423536118536066591,NULL
96A23422387818744B0569F,348306,Expired,E,2500,10-06-2008 18:37,17-06-2008 18:40,7F7B3404698054238602407,NULL
97BE3422339450519B8C3AB,343255,Expired,HR,3600,02-06-2008 18:12,09-06-2008 18:14,9E1533903439733318E1294,NULL
97E73422566228354C85E1F,343182,Expired,C,15000,02-06-2008 16:20,09-06-2008 16:28,6F873377954074757D3D13D,NULL
984B34239475056325531E2,345977,Expired,HR,3000,06-06-2008 13:52,13-06-2008 13:52,86713420652884942EDB61C,NULL
9851342205882140729DA47,344617,Expired,E,8500,05-06-2008 08:40,12-06-2008 08:42,CE193422605240056BE8DF7,NULL
98FE34215410975019F0629,343088,Expired,HR,5000,02-06-2008 14:16,09-06-2008 14:22,16CA3387104479669C9D984,NULL
993C3423501460348079C47,347761,Expired,HR,25000,10-06-2008 03:30,17-06-2008 03:31,7D2C3422801920245EAD7D7,NULL
9A33342268202320528E2B7,350119,Expired,D,2000,13-06-2008 13:41,20-06-2008 13:45,137D342348869218940C45B,NULL
9AA534240859354458B3A04,349933,Expired,D,4000,13-06-2008 08:33,20-06-2008 08:37,60003423903934709EFCCA2,NULL
9AD534229421145852494FF,351025,Expired,A,12200,15-06-2008 20:25,22-06-2008 20:26,089A339228334675696B17A,NULL
9AED34228344400221602BD,345261,Expired,A,2000,05-06-2008 13:57,12-06-2008 13:58,E53634225122902807C7B29,NULL
9B363423523676532C2FFE4,349003,Expired,HR,2100,11-06-2008 18:18,18-06-2008 18:23,30A73423669147019E4F744,NULL
9B7934237061488760713AC,345094,Expired,D,4200,05-06-2008 10:39,12-06-2008 10:40,B523342130011088163AAA6,B0473364376920128370B13
9BB73422657021746ED84B4,345005,Expired,HR,3000,05-06-2008 08:19,12-06-2008 08:21,DE2D3423426939452D4B56B,NULL
9C4934228866339323E4288,346351,Expired,A,25000,07-06-2008 08:26,14-06-2008 08:31,FA97342212007700578C41C,NULL
9C5834227115523517C19FB,345712,Completed,D,5000,06-06-2008 06:18,13-06-2008 06:21,258C342079112129500F52D,NULL
9CB134238500796110AB16D,349489,Expired,E,3000,12-06-2008 12:58,19-06-2008 13:00,72753423860173569EF3170,NULL
9CFF3422864078991B8A7C7,350918,Expired,E,4800,15-06-2008 16:00,22-06-2008 16:04,120D3424464810660E98A79,NULL
9DAB34235163859402FB853,343452,Expired,B,15000,03-06-2008 06:59,10-06-2008 07:00,2F4B3417620445789F92BAE,NULL
9E513423628739591B2F7EA,347920,Expired,A,3000,10-06-2008 10:08,17-06-2008 10:11,FC773422654525298416D56,NULL
9EDE3421974121144CBE45B,344024,Expired,A,25000,03-06-2008 19:55,10-06-2008 19:56,7E7E34231878799997FB59A,NULL
9EE73410640439155F62E3B,273082,Expired,C,6200,13-06-2008 08:58,20-06-2008 08:58,5DC73378140124959472F2A,NULL
9F1134231978583506BB006,347988,Expired,C,3000,10-06-2008 11:31,17-06-2008 11:35,C12D342302323524621FB5D,NULL
9F12342206295908208EEC0,345665,Expired,HR,2000,06-06-2008 00:01,13-06-2008 00:04,9A6F3418434046818735670,NULL
9F3434218972117514F653C,344415,Expired,E,4500,04-06-2008 12:56,11-06-2008 12:57,BFE83397039276934CBCADE,NULL
9F433423818748035733E2F,347950,Expired,HR,3000,10-06-2008 10:41,17-06-2008 10:42,857234227047512963E4819,NULL
9FAC3423116713053AD193B,348861,Expired,HR,1200,11-06-2008 15:01,18-06-2008 15:05,79F23388873006057188587,NULL
9FAF3421789791529CC5920,344817,Expired,E,4500,04-06-2008 21:28,11-06-2008 21:29,8A843421251529722AB74EB,NULL
A03D3421988944269DC206E,345548,Expired,C,7500,05-06-2008 19:48,12-06-2008 19:49,38F534209950226295559EA,9DA03421311751706439130
A1283423832158037AC0B17,346207,Expired,E,15000,07-06-2008 20:02,14-06-2008 20:06,9627342307735400627C331,NULL
A2463423606612968000A51,343901,Expired,HR,4000,03-06-2008 16:56,10-06-2008 16:59,917734151288732441025F1,NULL
A2D63422120291901A67BC7,344006,Expired,B,15000,03-06-2008 19:22,10-06-2008 19:26,DB0F34231571012327FAE5A,NULL
A3393423989002632E2140B,349072,Expired,HR,25000,11-06-2008 20:04,18-06-2008 20:06,EA673423337538338785F65,NULL
A3A134223845055210AAE18,347507,Expired,HR,15000,09-06-2008 15:57,16-06-2008 16:02,773E34237984673560BD5D3,NULL
A4803422588959379B17745,346308,Expired,HR,1000,07-06-2008 05:52,14-06-2008 05:54,0711342088940237588F558,NULL
A4843421642539105071D1F,344199,Completed,HR,1000,04-06-2008 08:13,11-06-2008 07:16,5FF334190572544421A9AF5,NULL
A5003422683416745A022BB,344852,Expired,HR,3000,04-06-2008 23:32,11-06-2008 23:35,25B7339712124944018769A,NULL
A6F63422764760662092A85,349822,Completed,C,3000,13-06-2008 00:30,20-06-2008 00:33,CB303420126248989FCFDF5,NULL
A71D3421804264945A48B61,344949,Expired,B,10000,05-06-2008 06:46,12-06-2008 06:50,7F7A33792760646655EE92F,783C3371218786870A73D20
A8D834226252975188C04AC,348819,Expired,AA,20000,11-06-2008 14:20,18-06-2008 14:24,2EA53421537527538F3BF7F,NULL
A92634222641105680A9356,347420,Expired,C,3000,09-06-2008 14:15,16-06-2008 14:16,1FBA337300520707474A4F6,10A93364886588786764A98
A9E83422640665408179C63,344137,Expired,E,6000,04-06-2008 06:12,11-06-2008 06:15,B5013422047662099676D48,NULL
AA5C3424229859921C1E067,349511,Expired,B,5000,12-06-2008 13:21,19-06-2008 13:25,C4923418413896621B554AC,NULL
AA813422340024793A85FC4,345705,Expired,HR,1200,06-06-2008 05:56,13-06-2008 06:01,381534196709189496BAA81,NULL
AA993423793372352DCD0DF,344845,Expired,D,10000,04-06-2008 22:28,11-06-2008 22:30,8C1C3422394422364774148,NULL
AAB93422376233765030432,342924,Expired,D,7500,02-06-2008 10:05,09-06-2008 10:09,06BF3423294871379E3D5E5,NULL
AACE3422703562166FE1A11,343906,Expired,B,7500,03-06-2008 20:25,10-06-2008 20:26,93EA34231913745168842F3,NULL
ABE934224849446056D6DE9,343470,Expired,AA,6500,03-06-2008 07:31,10-06-2008 07:36,079D34207622660832010BF,NULL
AC9C3421754994525979289,342416,Expired,E,5000,01-06-2008 04:18,08-06-2008 04:18,AE5F3421385652150AF3720,NULL
AD433422577081837EEC8AB,346176,Expired,D,25000,06-06-2008 19:18,13-06-2008 19:19,247D3422683500038535B7A,NULL
ADD234230077528359A916B,342540,Expired,E,8000,01-06-2008 13:17,08-06-2008 13:18,1E873421579839290469DD6,NULL
ADE33421865536012362407,343740,Expired,AA,15000,03-06-2008 13:37,10-06-2008 13:37,BA583400961476938D3FAC3,NULL
AE2934242438502552372EA,350598,Expired,D,2000,14-06-2008 16:39,21-06-2008 16:41,24FA338398230087572B4AA,5B453381430468537F3AD4F
AE2E34240716048248C056F,350731,Expired,AA,6000,15-06-2008 06:51,22-06-2008 06:51,8.65342E+21,NULL
AF6E34231045716456A6485,350986,Expired,HR,2000,15-06-2008 18:25,22-06-2008 18:26,D8263420467320889832AD9,NULL
AFAA3423330547569CD58E3,345136,Expired,HR,1000,05-06-2008 11:21,12-06-2008 11:22,55AF3419227681972084F38,NULL
B051342267860652561A80D,345463,Expired,HR,8000,05-06-2008 18:04,12-06-2008 18:08,3DF63422886762813166536,NULL
B16034228196347010E0B50,341511,Expired,A,15000,01-06-2008 15:19,08-06-2008 15:20,4C5134182848054498B84BD,NULL
B26034228823790893CEC26,343938,Expired,E,3000,03-06-2008 17:44,10-06-2008 17:45,ABA63419781162501E24B5F,NULL
B29634228042766935BD7B1,349302,Expired,D,3000,12-06-2008 07:57,19-06-2008 08:02,2D923422353525135A97FFE,NULL
B2B23422260941358606570,344163,Expired,HR,4500,04-06-2008 07:16,11-06-2008 07:16,70A2342212922652872063A,NULL
B2EE3421561231253E87B0E,342864,Expired,HR,3000,02-06-2008 08:29,09-06-2008 08:32,35943406447005576C993B4,NULL
B3B3342252401907646EA13,350027,Expired,D,1000,13-06-2008 11:07,20-06-2008 11:09,A44A3385764864676476620,NULL
B5513422979631770D48A2A,348393,Expired,HR,1000,10-06-2008 20:36,17-06-2008 20:40,FC3D337489328343162AA51,NULL
B5903422899934120A60421,347056,Expired,E,5000,08-06-2008 21:28,15-06-2008 21:32,4F80342394281895262977A,NULL
B6A2342245382776664FA3D,350403,Expired,C,4000,14-06-2008 07:12,21-06-2008 07:16,B4FB3403711534969353AAC,NULL
B76134222047494955BDF50,345832,Completed,AA,8000,08-06-2008 09:49,15-06-2008 09:53,15F53423143770286FE7990,NULL
B7AA34222522712793E8E8F,344241,Expired,E,3500,04-06-2008 09:21,11-06-2008 09:22,0EF534165128479171D9497,NULL
B8713423413401301C764C7,345111,Expired,HR,5000,05-06-2008 11:01,12-06-2008 11:02,AF8E3422173059103A1C2C5,NULL
B8873422619676683304057,345690,Expired,D,10000,06-06-2008 04:36,13-06-2008 04:40,B1233422199360346BABC6B,NULL
B90134238736867622D8852,349414,Expired,A,25000,12-06-2008 11:11,19-06-2008 11:12,5D9633724552845320DCF13,NULL
BA403422645698681F05756,344304,Expired,D,6000,04-06-2008 10:50,11-06-2008 10:54,36263421486448153A2FE66,NULL
BADF3421469771627AD7575,342530,Expired,HR,1300,01-06-2008 12:47,08-06-2008 12:48,766F34224679307200FF0B8,NULL
BB21342220145189698A314,345568,Expired,C,12000,09-06-2008 08:45,16-06-2008 08:49,1313338012152637127DF4A,NULL
BC173423399870654BBBF96,348766,Expired,HR,2000,11-06-2008 13:49,18-06-2008 13:53,AD0A34238439466617BA33A,NULL
BC973422763407691F61204,342996,Expired,B,25000,02-06-2008 11:57,09-06-2008 11:58,8AC6342312344195290FA73,NULL
BD1434232180227978E08CE,348793,Expired,C,25000,11-06-2008 14:29,18-06-2008 14:34,15DD3423243473226344EE7,NULL
BD9D34239131303993C2F60,346758,Expired,HR,15000,08-06-2008 09:57,15-06-2008 09:58,9E9734224076129263ADBF1,NULL
BE213423553937908BFFA27,343750,Expired,C,4500,03-06-2008 13:54,10-06-2008 13:58,FA3134202662798828CCD54,NULL
BEB334232303783286EC695,349771,Expired,B,15000,12-06-2008 21:41,19-06-2008 21:42,5D7F3365898372316753C2C,NULL
BF0C34228414976673963F6,350920,Expired,HR,3000,15-06-2008 16:11,22-06-2008 16:15,9B943424257707707EC6AEA,NULL
BF7934226529623106B830B,349702,Expired,AA,25000,12-06-2008 18:58,19-06-2008 18:59,220F3422912439252CC7CD8,NULL
BFB034236333166247693FE,344342,Expired,D,4000,04-06-2008 11:42,11-06-2008 11:46,5A173382353579378D6C96E,238D33978718559087CA95B
C22F3423035938198FDB059,343569,Expired,HR,2000,03-06-2008 09:53,10-06-2008 09:58,9F213421677263805CA5605,NULL
C2F13423952981915552F5B,349090,Expired,C,7500,11-06-2008 20:18,18-06-2008 20:22,5F1C341227748342493DA28,NULL
C3313423367377307943230,347871,Expired,E,2000,10-06-2008 08:36,17-06-2008 08:39,40643405231555985BE1B6B,NULL
C35234224374021005B2F52,346501,Completed,HR,1000,07-06-2008 15:05,14-06-2008 15:09,E56B3421997078177753E9C,NULL
C3623423057717595FD781B,343558,Expired,C,15000,03-06-2008 09:42,10-06-2008 09:47,264A3419905736145284BB3,NULL
C42634222288327813A5D14,341547,Expired,HR,25000,11-06-2008 08:19,18-06-2008 08:20,75E834069136927567CD141,NULL
C57934225897857172EFE87,349727,Expired,HR,5000,12-06-2008 19:42,19-06-2008 19:45,D28D3423162625336958EAF,NULL
C57C34227909764140B1778,343352,Expired,E,3000,02-06-2008 21:24,09-06-2008 21:27,D4A7342180948603633C631,NULL
C6EF342352950712495B0F4,345486,Expired,E,5000,05-06-2008 18:48,12-06-2008 18:49,D5823406518313972449A1D,NULL
C77834242032190771B291D,347386,Expired,D,5000,09-06-2008 13:33,16-06-2008 13:35,74043422964761150D27031,NULL
C7833423473673780825764,345351,Expired,D,3000,05-06-2008 15:24,12-06-2008 15:28,A89B3423037693635B393A9,NULL
C7963422908364063D679B3,343328,Expired,HR,2500,02-06-2008 20:27,09-06-2008 20:31,00543423545486277D3947A,NULL
C96034226413611386F93A5,343648,Expired,E,5000,03-06-2008 11:32,10-06-2008 11:34,117C3411064149307E2FC0A,NULL
CABC3423346090150BA6230,343036,Expired,A,6000,02-06-2008 12:52,09-06-2008 12:54,3E803422912020476F71AD2,NULL
CB50342348749910465F026,344821,Expired,HR,3000,04-06-2008 21:40,11-06-2008 21:44,306B342189454189881B443,NULL
CB903421869603935EDA65A,344823,Expired,D,5700,04-06-2008 21:45,11-06-2008 21:49,C12634228762952087DEC7F,NULL
CBE5342254247276396331C,349431,Completed,A,6000,12-06-2008 11:39,18-06-2008 07:11,390B3408119887490AB48D3,NULL
CC8834242000155146292C1,349811,Expired,E,1500,12-06-2008 23:26,19-06-2008 23:28,86F633955545354135F2F61,NULL
CCCD34228813323493A6CE2,350774,Completed,B,8000,15-06-2008 09:24,22-06-2008 09:28,BE0733860955250019822F6,783C3371218786870A73D20
CD5B34229873867630118AD,349064,Expired,HR,3000,11-06-2008 20:10,18-06-2008 20:11,FE533424429119887AE44B0,NULL
CEAD3422534212660618106,347837,Expired,HR,1400,10-06-2008 07:41,17-06-2008 07:43,197034011419138986F03C6,NULL
CF1F34217701704929AFBCE,343692,Expired,HR,2600,03-06-2008 12:33,10-06-2008 12:36,C8ED34230249853442D31EE,NULL
CFA934230594242052BF0BC,345190,Expired,C,7500,05-06-2008 12:14,12-06-2008 12:19,822E3419847294686753EDD,NULL
D089342415361182520D7CD,348872,Expired,AA,15000,11-06-2008 15:03,18-06-2008 15:05,C0F934238954839999AEF0E,NULL
D0E4342321081159346DDF5,349327,Expired,HR,2000,12-06-2008 08:32,19-06-2008 08:32,13983421918413970B2DAE0,NULL
D1BA3422629803507E52255,341909,Expired,HR,5000,09-06-2008 17:37,16-06-2008 17:40,EC943422688899855E46AC6,NULL
D2883422913012578630458,346715,Expired,E,3000,10-06-2008 17:24,17-06-2008 17:29,017B34199363364163A5763,4EE13371935955546BCD820
D3BD34239477999684EF0F9,348910,Expired,HR,5000,11-06-2008 15:49,18-06-2008 15:51,1888340743259067861554D,NULL
D41A3422546630988073626,349927,Expired,E,3000,13-06-2008 08:07,20-06-2008 08:12,04E73417457617840BFCB63,NULL
D5773422980255957231368,343547,Expired,A,14000,03-06-2008 09:26,10-06-2008 09:32,ABF334219750530178AD108,NULL
D6593423328899308E6410D,343664,Expired,C,15000,03-06-2008 12:06,10-06-2008 12:09,099C3421725731022647073,NULL
D6D034222320595381C30AB,343265,Expired,HR,5000,02-06-2008 18:35,09-06-2008 18:39,4E8134192118339699EB87F,NULL
D7553422522464648697DAA,349487,Expired,D,7500,12-06-2008 12:52,19-06-2008 12:54,DA193422297447391B6B4E8,NULL
D8653423462486859F8E807,350737,Expired,D,5000,15-06-2008 06:43,22-06-2008 06:46,CDFD34208681908709D5FA0,NULL
DAF0342297031042230C0DE,350528,Expired,C,6000,14-06-2008 13:42,21-06-2008 13:42,CC543382748228644AC8E6D,NULL
DCF0342311384079794C4FD,347410,Completed,HR,1000,09-06-2008 13:59,16-06-2008 14:00,C02634225561401440FB6E9,NULL
DD453423600071151517549,348432,Expired,HR,1500,10-06-2008 22:53,17-06-2008 22:57,6462342407921198978F21F,NULL
DDA93422690899112641B63,345088,Expired,C,25000,05-06-2008 10:25,12-06-2008 10:29,A28B3419067210619F5B575,NULL
DE213422244712008D64863,347995,Expired,HR,9000,10-06-2008 11:30,17-06-2008 11:35,9B8D342317137106334335B,NULL
DF5934244907536305E5B52,350555,Expired,HR,3000,14-06-2008 15:13,21-06-2008 15:13,44BF3409678986635C67145,NULL
DF763423872327637E97B8A,350123,Expired,HR,1500,14-06-2008 15:42,21-06-2008 15:44,5776341942385461330B71A,4EE13371935955546BCD820
E0643422858093819E2D6D3,347164,Expired,C,25000,09-06-2008 07:33,16-06-2008 07:38,5BB934216357013088BACCD,NULL
E0C434236192458882AAA8C,346191,Expired,E,5000,06-06-2008 19:41,13-06-2008 19:44,21213423378682200E87654,NULL
E0C4342410127554152D1B6,347849,Expired,D,1500,10-06-2008 07:59,17-06-2008 08:03,A73934013955939961B23DE,NULL
E15E34227773139648BFD80,342483,Completed,C,2500,01-06-2008 10:57,08-06-2008 11:02,3E393422434022037F52A1C,NULL
E17234228087912911A2507,347228,Expired,C,2200,09-06-2008 09:27,16-06-2008 09:28,5DAA3421111471508747F41,NULL
E1B2342228773683770BC31,348700,Expired,B,25000,11-06-2008 12:22,18-06-2008 12:26,C57A3423100291467EF7A20,NULL
E25A3422475432841F5D4B1,349300,Expired,HR,3000,12-06-2008 07:53,19-06-2008 07:57,87E93422241437911FB1AC9,NULL
E31B342211747705980A813,347554,Expired,HR,1000,09-06-2008 16:57,16-06-2008 16:59,614E34228031650135CCF2D,NULL
E3223423310653081A77952,348453,Expired,E,3013,10-06-2008 23:45,17-06-2008 23:49,DAD933722201194978B4830,NULL
E3ED3422813529293327F40,346453,Expired,E,12000,07-06-2008 12:26,14-06-2008 12:30,C21634225293950303D827B,NULL
E407342219957397891E197,347656,Expired,B,15000,09-06-2008 19:32,16-06-2008 19:37,8D993424110930448ADDC31,NULL
E5D13423147040535639461,342851,Expired,HR,5000,02-06-2008 07:56,09-06-2008 08:01,BDA93421316815279E91756,NULL
E61F3421748331554B84FBF,345254,Expired,AA,3500,05-06-2008 13:30,12-06-2008 13:33,3DE23423637433954116D1B,NULL
E64E34243077133407B3F37,349658,Expired,C,15000,12-06-2008 19:27,19-06-2008 19:29,11CE3423134047776F5F389,NULL
E6A0342322965160431DAE9,341853,Expired,HR,3000,01-06-2008 07:32,08-06-2008 07:35,49B9341788632009142AE83,4EE13371935955546BCD820
E7CB3420931973758E49302,327635,Expired,D,20000,04-06-2008 17:33,11-06-2008 17:33,3C093417458158977C9668C,NULL
E7FF3422124433773364C65,345994,Expired,B,1500,06-06-2008 14:30,13-06-2008 14:34,7B31342196580738358EC2E,NULL
E80C3421950771090AE8112,345778,Expired,AA,25000,06-06-2008 08:37,13-06-2008 08:39,404B3422916454137CBCE5A,NULL
E8A634221331121935EAAB7,344623,Expired,E,15000,04-06-2008 17:12,11-06-2008 17:13,DF8A342291222748456FBF8,NULL
EAC934241528778795A18BE,347567,Expired,C,10000,09-06-2008 17:16,16-06-2008 17:19,ED4234229624575194DCF53,NULL
EB2B342349988637682EA91,347433,Expired,E,3000,09-06-2008 14:31,16-06-2008 14:36,D5C834222411401186D8D8C,NULL
EBC9342253786623920C144,346262,Expired,D,2000,06-06-2008 23:20,13-06-2008 23:22,74B83422391222366EB045F,NULL
EC7C3423871965026DB1EEF,347733,Expired,HR,5500,09-06-2008 23:31,16-06-2008 23:34,478E3406806357845F93D4C,NULL
EC903423275155892626E3D,346193,Expired,HR,5000,06-06-2008 19:46,13-06-2008 19:50,FA6F340879267019666D4E2,NULL
ECC63422857212068B546CD,345924,Expired,C,7500,06-06-2008 11:58,13-06-2008 12:01,A3D834227704485761B4DD6,NULL
ECCB342388460490858F0B2,346636,Expired,E,3000,07-06-2008 22:26,14-06-2008 22:28,47623422502863336A04C62,NULL
ED323422555172471E44991,348856,Expired,D,7000,11-06-2008 19:26,18-06-2008 19:30,14A7342409325696663BA06,NULL
ED9734220870524425D6991,344058,Expired,D,2500,03-06-2008 21:18,10-06-2008 21:22,60A13421458419912F7E4E1,NULL
EEBE342360503295810AE89,344181,Expired,HR,2000,04-06-2008 07:31,11-06-2008 07:32,C976342077291115578FA15,NULL
EEC43423944796622779896,346508,Expired,HR,1000,07-06-2008 15:34,14-06-2008 15:39,AEF03422261912589D0C855,NULL
EF8634217402170759C74DC,343735,Expired,HR,3000,03-06-2008 13:22,10-06-2008 13:27,CF443407528815738743ED6,8E5A3365665729204E57173
EFA034207197711004938F3,336462,Expired,B,16000,03-06-2008 14:55,10-06-2008 14:57,6B88341378228461217B72C,NULL
EFC234231321537846F2FBD,343074,Expired,HR,2000,02-06-2008 13:53,09-06-2008 13:55,543A3419847639784BDC817,NULL
EFDE3421875339283EE78D3,346281,Completed,A,15000,08-06-2008 09:40,15-06-2008 09:43,E2623423154133640E43F95,NULL
F05E3423711170277E86CBF,348465,Expired,HR,3000,11-06-2008 01:58,18-06-2008 01:59,FF8234221031902976E06B5,NULL
F08A3421767671692D91064,343907,Expired,HR,5000,03-06-2008 17:06,10-06-2008 17:10,C5033421649753047752FA0,NULL
F0CB3423177825670B2BA0C,344273,Expired,D,10000,04-06-2008 10:40,11-06-2008 10:44,33113423320473872FD1A8D,NULL
F16F3422664586704598238,344943,Expired,E,1800,05-06-2008 06:46,12-06-2008 06:50,971234227597539421B906A,NULL
F1B33422658579152A14513,348373,Completed,HR,2500,10-06-2008 20:04,10-06-2008 20:32,352334214823258591E809D,NULL
F1BC342323015982553AC93,347102,Expired,D,15000,09-06-2008 02:32,16-06-2008 02:34,3AE134218214252601E2EE1,NULL
F2933423157564431AD50E5,343566,Expired,D,5000,03-06-2008 09:50,10-06-2008 09:52,91FC3422810582737E1087D,NULL
F2EB34230077350506FC6AB,346014,Expired,AA,15000,06-06-2008 15:13,13-06-2008 15:15,0A663421494242013EA0B65,NULL
F30E34236299257019708D0,348698,Expired,B,15000,11-06-2008 12:16,18-06-2008 12:16,6EE934231586846378D8168,NULL
F3163422478524440DE57AC,347533,Expired,HR,3000,09-06-2008 16:15,16-06-2008 16:17,71093416928236248B05F53,NULL
F33334223316548224CB656,348305,Expired,HR,5000,10-06-2008 18:31,17-06-2008 18:35,D2E53422721076093A85862,NULL
F41D3423105676154FD152F,349870,Expired,D,2000,13-06-2008 06:20,20-06-2008 06:21,E87634234934086209063E2,NULL
F42D34233680692272633DF,345311,Expired,HR,2000,05-06-2008 14:26,12-06-2008 14:29,F7293420881797560F87931,NULL
F5593422624463180A3AA1C,345086,Expired,A,25000,05-06-2008 10:27,12-06-2008 10:29,1E8D342177571565755FF27,NULL
F68734237517673255F646E,344444,Completed,C,3500,04-06-2008 13:22,11-06-2008 13:24,B3CC342207965733659FC74,NULL
F7D63423191765328B9D984,343268,Expired,D,10000,02-06-2008 18:38,09-06-2008 18:39,09DF3399803442845A28944,NULL
F990340577723261588542B,236180,Expired,HR,7500,05-06-2008 15:18,12-06-2008 15:23,5B70337164776411886C777,3D4D3366260257624AB272D
F9AD3422625558438C89F49,349261,Expired,D,2800,12-06-2008 06:55,19-06-2008 06:55,E4B23422725412273FFA7EF,NULL
F9DA34238179663569EE386,349884,Expired,E,4000,13-06-2008 06:51,20-06-2008 06:53,86AF3422994785539967837,NULL
FAD33423855961225734A8D,350293,Completed,B,2000,13-06-2008 20:33,20-06-2008 20:36,925A342267608699421A064,NULL
FB013421689664822B681A7,335471,Expired,D,7500,03-06-2008 09:18,10-06-2008 09:19,018B3422374291427176A1A,NULL
FB63342367342910073D810,344312,Expired,D,10000,04-06-2008 11:05,11-06-2008 11:09,45E434225516791862D3868,NULL
FBC6342201496461089D978,342442,Expired,HR,2000,01-06-2008 07:20,08-06-2008 07:25,A4123423212780551258686,NULL
FBD23424260210570CA45AE,350038,Expired,C,7500,13-06-2008 11:22,20-06-2008 11:25,91AA3421833574819D2A369,NULL
FC6B3422704637398ED07A2,350769,Completed,D,4000,15-06-2008 08:47,22-06-2008 08:47,942F34035577492198A9FCC,NULL
FDD234241823582497F36A2,349706,Completed,A,10200,12-06-2008 19:08,19-06-2008 19:09,9C4A34231851906526252DC,NULL
FE2834219282332102457A4,343902,Expired,HR,2000,03-06-2008 16:58,10-06-2008 16:59,97D634202993163964F4960,NULL
FE6B3423699359490249B8D,345429,Completed,B,4000,05-06-2008 17:10,11-06-2008 12:33,97493397585070389CC8922,NULL
